frame,timestamp,fps,latency_ms,cpu_percent,detections_count,labels
0,1778952048.27,0.76,146.93,18.8,4,"person,person,person,bottle"
1,1778952048.35,11.43,86.62,53.3,4,"person,person,person,bottle"
2,1778952048.44,11.46,86.49,61.1,4,"person,person,person,bottle"
3,1778952048.53,11.55,85.86,60.0,4,"person,person,person,bottle"
4,1778952048.62,11.44,86.63,60.5,4,"person,person,person,bottle"
5,1778952048.7,11.46,86.59,61.1,2,"person,person"
6,1778952048.79,11.39,87.01,63.2,3,"person,person,bottle"
7,1778952048.88,11.52,86.11,58.3,4,"person,bottle,person,bottle"
8,1778952048.96,11.56,85.69,58.8,5,"person,bottle,person,bottle,chair"
9,1778952049.06,10.12,98.12,64.1,5,"person,bottle,bottle,person,chair"
10,1778952049.15,11.39,87.03,61.5,4,"person,bottle,person,bottle"
11,1778952049.24,11.42,86.84,60.0,4,"person,bottle,person,bottle"
12,1778952049.33,11.45,86.6,59.5,4,"person,bottle,person,chair"
13,1778952049.42,11.41,86.94,63.2,4,"person,bottle,chair,person"
14,1778952049.5,11.41,86.92,60.5,4,"person,bottle,chair,person"
15,1778952049.59,11.41,86.98,63.2,5,"person,bottle,bottle,bottle,person"
16,1778952049.68,11.41,86.88,63.2,5,"person,bottle,bottle,person,bottle"
17,1778952049.77,11.39,87.04,60.5,5,"person,bottle,person,bottle,bottle"
18,1778952049.86,11.39,87.01,63.2,5,"person,bottle,person,bottle,bottle"
19,1778952049.94,11.45,86.6,62.2,5,"person,bottle,person,bottle,bottle"
20,1778952050.03,10.89,91.06,62.5,5,"person,bottle,bottle,bottle,person"
21,1778952050.12,11.45,86.64,58.8,5,"person,bottle,bottle,chair,person"
22,1778952050.21,11.54,85.9,58.3,3,"person,bottle,chair"
23,1778952050.3,11.56,85.75,58.8,2,"person,person"
24,1778952050.38,11.4,86.99,58.8,2,"person,person"
25,1778952050.47,11.43,86.8,58.8,2,"person,person"
26,1778952050.56,11.57,85.66,59.5,3,"person,person,bottle"
27,1778952050.65,11.49,86.32,58.8,3,"person,person,bottle"
28,1778952050.73,11.57,85.64,58.8,3,"person,person,bottle"
29,1778952050.82,11.32,87.52,57.6,3,"person,person,bottle"
30,1778952050.91,11.31,87.68,60.0,3,"person,bottle,person"
31,1778952051.0,11.13,89.1,58.3,4,"person,bottle,person,bottle"
32,1778952051.09,11.29,87.84,57.1,4,"person,bottle,person,bottle"
33,1778952051.18,11.26,88.09,61.1,6,"person,bottle,person,bottle,bottle,bottle"
34,1778952051.27,11.46,86.51,56.2,5,"person,bottle,bottle,bottle,person"
35,1778952051.35,11.47,86.42,57.1,6,"person,bottle,bottle,person,bottle,refrigerator"
36,1778952051.44,11.39,87.05,60.0,6,"person,bottle,bottle,bottle,person,bottle"
37,1778952051.53,11.51,86.14,61.1,6,"person,bottle,person,bottle,bottle,bottle"
38,1778952051.62,11.41,86.9,60.5,5,"person,bottle,person,bottle,bottle"
39,1778952051.7,11.42,86.84,62.2,5,"person,bottle,person,bottle,bottle"
40,1778952051.79,11.65,85.05,61.1,5,"person,bottle,chair,person,bottle"
41,1778952051.88,11.62,85.32,60.0,4,"person,bottle,person,bottle"
42,1778952051.96,11.47,86.4,61.1,4,"person,bottle,person,bottle"
43,1778952052.05,11.11,89.31,59.5,5,"person,bottle,bottle,person,chair"
44,1778952052.14,11.62,85.26,58.8,4,"person,person,bottle,bottle"
45,1778952052.23,11.43,86.74,61.1,6,"person,bottle,person,bottle,bottle,bottle"
46,1778952052.32,11.38,87.15,59.5,7,"person,bottle,bottle,person,bottle,bottle,microwave"
47,1778952052.4,11.45,86.63,62.2,7,"person,bottle,person,bottle,bottle,microwave,bottle"
48,1778952052.49,11.45,86.57,61.1,6,"person,bottle,person,microwave,bottle,bottle"
49,1778952052.58,11.64,85.21,57.6,7,"person,bottle,person,bottle,bottle,bottle,microwave"
50,1778952052.66,11.56,85.71,57.1,7,"person,microwave,bottle,person,bottle,bottle,bottle"
51,1778952052.75,11.39,87.05,62.2,7,"person,microwave,bottle,person,bottle,bottle,bottle"
52,1778952052.84,11.44,86.65,62.2,8,"person,microwave,bottle,chair,bottle,bottle,bottle,person"
53,1778952052.93,11.39,87.08,58.3,7,"microwave,bottle,chair,person,bottle,bottle,bottle"
54,1778952053.02,11.3,87.81,61.1,7,"microwave,person,bottle,chair,bottle,bottle,person"
55,1778952053.1,11.45,86.59,59.5,8,"person,microwave,bottle,chair,bottle,bottle,bottle,person"
56,1778952053.19,11.23,88.32,59.5,8,"microwave,person,bottle,chair,bottle,bottle,bottle,person"
57,1778952053.28,11.65,85.19,57.6,7,"microwave,bottle,chair,bottle,bottle,person,bottle"
58,1778952053.36,11.72,84.63,58.8,7,"microwave,bottle,person,chair,bottle,bottle,bottle"
59,1778952053.45,11.48,86.43,62.2,8,"person,microwave,bottle,chair,bottle,bottle,bottle,person"
60,1778952053.54,11.36,87.24,60.0,7,"microwave,bottle,person,chair,bottle,bottle,bottle"
61,1778952053.63,11.45,86.64,61.1,8,"person,microwave,bottle,chair,person,bottle,bottle,bottle"
62,1778952053.71,11.58,85.58,58.3,7,"person,microwave,chair,bottle,bottle,bottle,bottle"
63,1778952053.8,11.46,86.52,56.2,8,"person,microwave,bottle,chair,bottle,person,bottle,bottle"
64,1778952053.89,11.57,85.62,53.3,8,"person,microwave,bottle,chair,bottle,bottle,bottle,person"
65,1778952053.98,11.48,86.38,61.1,8,"person,microwave,bottle,chair,bottle,bottle,bottle,person"
66,1778952054.07,10.29,96.39,64.1,9,"person,microwave,bottle,chair,person,bottle,bottle,bottle,bottle"
67,1778952054.16,11.35,87.44,61.1,8,"person,microwave,bottle,chair,bottle,bottle,bottle,person"
68,1778952054.25,11.68,84.84,56.3,8,"person,microwave,bottle,chair,bottle,bottle,bottle,bottle"
69,1778952054.33,11.46,86.57,60.5,7,"microwave,bottle,chair,person,bottle,bottle,bottle"
70,1778952054.42,11.5,86.19,57.6,8,"microwave,bottle,person,chair,bottle,bottle,bottle,bottle"
71,1778952054.51,11.46,86.57,56.3,8,"microwave,bottle,person,chair,bottle,bottle,person,bottle"
72,1778952054.6,11.48,86.32,57.6,6,"microwave,bottle,chair,bottle,bottle,bottle"
73,1778952054.68,11.43,86.72,57.1,5,"microwave,bottle,chair,bottle,bottle"
74,1778952054.77,11.41,86.86,57.6,5,"microwave,bottle,chair,bottle,bottle"
75,1778952054.86,11.3,87.77,57.6,7,"bottle,chair,microwave,bottle,bottle,bottle,bottle"
76,1778952054.95,11.43,86.73,58.3,6,"bottle,microwave,chair,bottle,bottle,bottle"
77,1778952055.05,10.29,96.45,57.9,5,"microwave,bottle,chair,bottle,bottle"
78,1778952055.13,11.35,87.34,57.6,6,"microwave,bottle,chair,bottle,bottle,bottle"
79,1778952055.22,11.57,85.71,56.3,5,"microwave,bottle,chair,bottle,bottle"
80,1778952055.31,11.39,87.01,58.3,5,"bottle,microwave,chair,bottle,bottle"
81,1778952055.4,11.45,86.61,61.1,6,"bottle,chair,microwave,bottle,bottle,bottle"
82,1778952055.49,11.34,87.39,61.1,6,"microwave,bottle,chair,bottle,bottle,bottle"
83,1778952055.57,11.42,86.82,57.6,5,"microwave,bottle,chair,bottle,bottle"
84,1778952055.66,11.42,86.84,58.3,5,"bottle,chair,microwave,bottle,bottle"
85,1778952055.75,11.44,86.66,60.0,6,"bottle,chair,microwave,bottle,bottle,bottle"
86,1778952055.84,11.4,86.96,58.8,5,"microwave,bottle,chair,bottle,bottle"
87,1778952055.92,11.51,86.16,55.9,6,"microwave,bottle,chair,bottle,bottle,bottle"
88,1778952056.01,11.17,88.75,63.2,6,"microwave,bottle,chair,bottle,bottle,bottle"
89,1778952056.1,11.54,85.85,57.6,5,"microwave,bottle,chair,bottle,bottle"
90,1778952056.19,11.39,87.02,55.9,6,"microwave,bottle,chair,bottle,bottle,bottle"
91,1778952056.28,11.4,87.04,57.6,5,"microwave,bottle,chair,bottle,bottle"
92,1778952056.36,11.39,87.0,57.6,5,"microwave,bottle,chair,bottle,bottle"
93,1778952056.45,11.38,87.13,54.5,5,"microwave,bottle,chair,bottle,bottle"
94,1778952056.54,11.39,87.01,58.8,6,"microwave,bottle,chair,bottle,bottle,bottle"
95,1778952056.63,11.55,85.89,57.6,6,"microwave,bottle,chair,bottle,bottle,bottle"
96,1778952056.71,11.61,85.39,61.1,6,"microwave,bottle,chair,bottle,bottle,bottle"
97,1778952056.8,11.39,87.07,55.9,6,"microwave,bottle,chair,bottle,bottle,bottle"
98,1778952056.89,11.53,85.91,58.8,5,"microwave,bottle,chair,bottle,bottle"
99,1778952056.98,11.38,87.12,58.8,6,"microwave,bottle,chair,bottle,bottle,bottle"
100,1778952057.07,11.13,89.05,59.5,5,"microwave,bottle,chair,bottle,bottle"
101,1778952057.15,11.61,85.4,56.3,6,"microwave,bottle,chair,bottle,bottle,bottle"
102,1778952057.24,11.53,85.91,58.8,6,"microwave,bottle,chair,bottle,bottle,bottle"
103,1778952057.33,11.47,86.49,61.1,6,"microwave,bottle,chair,bottle,bottle,bottle"
104,1778952057.42,11.3,87.73,58.3,6,"microwave,bottle,chair,bottle,bottle,bottle"
105,1778952057.51,11.19,88.59,57.6,6,"bottle,microwave,chair,bottle,bottle,bottle"
106,1778952057.59,11.57,85.63,56.3,5,"microwave,bottle,chair,bottle,bottle"
107,1778952057.68,11.42,86.84,58.8,5,"microwave,bottle,chair,bottle,bottle"
108,1778952057.77,11.4,86.93,57.1,6,"microwave,bottle,chair,bottle,bottle,bottle"
109,1778952057.86,11.39,87.08,57.6,5,"bottle,microwave,chair,bottle,bottle"
110,1778952057.94,11.28,87.85,57.6,6,"bottle,chair,microwave,bottle,bottle,bowl"
111,1778952058.04,11.05,89.76,57.1,5,"bottle,microwave,chair,bottle,bottle"
112,1778952058.12,11.31,87.67,58.3,6,"bottle,microwave,chair,bottle,bottle,bottle"
113,1778952058.21,11.39,87.1,57.6,4,"bottle,microwave,chair,bottle"
114,1778952058.3,11.45,86.58,61.1,6,"bottle,microwave,chair,bottle,bottle,bottle"
115,1778952058.39,11.43,86.78,57.1,6,"bottle,microwave,chair,bottle,bottle,bottle"
116,1778952058.47,11.6,85.41,62.2,6,"bottle,microwave,chair,bottle,bottle,bottle"
117,1778952058.56,11.51,86.24,56.3,7,"bottle,microwave,chair,bottle,bottle,bowl,bottle"
118,1778952058.65,11.28,87.84,58.8,5,"bottle,chair,bottle,bottle,bottle"
119,1778952058.74,11.37,87.27,54.5,8,"bottle,microwave,chair,bottle,bottle,bottle,bottle,bowl"
120,1778952058.83,11.34,87.39,54.8,7,"bottle,chair,microwave,bottle,bottle,bottle,bowl"
121,1778952058.92,11.32,87.59,60.5,7,"bottle,chair,microwave,bottle,bowl,bottle,bottle"
122,1778952059.02,9.27,107.1,59.5,7,"bottle,chair,microwave,bottle,bottle,bowl,bottle"
123,1778952059.11,11.44,86.73,59.5,8,"bottle,microwave,chair,bottle,bottle,bottle,bottle,bowl"
124,1778952059.2,11.5,86.26,60.0,6,"bottle,microwave,chair,bottle,bottle,bottle"
125,1778952059.28,11.6,85.5,56.2,7,"bottle,chair,microwave,bottle,bowl,bottle,bottle"
126,1778952059.37,11.63,85.26,58.8,7,"bottle,microwave,chair,bottle,bottle,bottle,bowl"
127,1778952059.46,11.58,85.68,58.8,6,"bottle,microwave,chair,bottle,bottle,bottle"
128,1778952059.54,11.58,85.54,56.2,6,"bottle,chair,microwave,bottle,bottle,bottle"
129,1778952059.63,11.54,86.0,61.1,8,"bottle,microwave,chair,bottle,bottle,bottle,bowl,bottle"
130,1778952059.72,11.51,86.13,61.5,7,"bottle,bottle,person,bottle,microwave,bottle,bowl"
131,1778952059.81,11.48,86.4,57.6,7,"bottle,microwave,chair,bottle,bottle,bottle,bowl"
132,1778952059.89,11.45,86.55,58.8,7,"bottle,microwave,chair,bottle,bottle,bottle,bowl"
133,1778952059.98,11.55,85.82,58.8,7,"bottle,chair,microwave,bottle,bottle,bottle,bowl"
134,1778952060.07,11.19,88.63,59.5,6,"bottle,chair,microwave,bottle,bottle,bottle"
135,1778952060.16,11.62,85.38,57.6,6,"bottle,chair,microwave,bottle,bottle,bottle"
136,1778952060.24,11.49,86.27,62.2,6,"microwave,bottle,chair,bottle,bottle,bottle"
137,1778952060.33,11.5,86.29,60.0,6,"bottle,microwave,chair,bottle,bottle,bottle"
138,1778952060.42,11.42,86.87,56.2,7,"bottle,chair,microwave,bottle,bottle,bottle,bowl"
139,1778952060.51,11.32,87.58,58.8,6,"bottle,chair,microwave,bottle,bottle,bottle"
140,1778952060.59,11.63,85.22,60.0,6,"bottle,chair,microwave,bottle,bottle,bottle"
141,1778952060.68,11.51,86.07,58.8,7,"bottle,microwave,chair,bottle,bottle,bottle,bowl"
142,1778952060.77,11.62,85.32,62.2,6,"bottle,microwave,chair,bottle,bottle,bottle"
143,1778952060.85,11.64,85.26,56.3,6,"bottle,microwave,chair,bottle,bottle,bottle"
144,1778952060.94,11.56,85.81,57.1,7,"bottle,microwave,chair,bottle,bottle,bowl,bottle"
145,1778952061.03,11.51,86.21,62.2,5,"bottle,microwave,chair,bottle,bottle"
146,1778952061.11,11.58,85.65,56.3,7,"bottle,microwave,chair,bottle,bottle,bottle,bowl"
147,1778952061.2,11.57,85.78,57.6,7,"bottle,microwave,chair,bottle,bottle,bowl,bottle"
148,1778952061.29,11.53,86.01,61.1,7,"bottle,microwave,chair,bowl,bottle,bottle,bottle"
149,1778952061.37,11.65,85.13,56.3,7,"bottle,microwave,chair,bottle,bowl,bottle,bottle"
150,1778952061.46,11.53,85.99,58.8,7,"bottle,microwave,chair,bowl,bottle,bottle,bottle"
151,1778952061.55,11.64,85.21,62.2,7,"bottle,microwave,chair,bottle,bottle,bottle,bowl"
152,1778952061.63,11.71,84.67,57.6,6,"bottle,chair,bottle,bottle,bottle,microwave"
153,1778952061.72,11.65,85.17,62.2,6,"bottle,microwave,chair,bottle,bottle,bottle"
154,1778952061.8,11.6,85.47,57.6,6,"bottle,microwave,chair,bottle,bottle,bottle"
155,1778952061.89,11.58,85.69,62.2,6,"bottle,microwave,chair,bottle,bottle,bottle"
156,1778952061.98,11.59,85.6,56.3,7,"microwave,bottle,chair,bottle,bowl,bottle,bottle"
157,1778952062.07,11.3,87.84,57.1,6,"bottle,chair,microwave,bottle,bottle,bottle"
158,1778952062.15,11.63,85.22,57.6,6,"bottle,microwave,person,bottle,bottle,bottle"
159,1778952062.24,11.65,85.13,61.1,6,"bottle,microwave,chair,bottle,bottle,bottle"
160,1778952062.33,11.5,86.25,57.6,6,"bottle,microwave,chair,bottle,bottle,bottle"
161,1778952062.41,11.56,85.77,56.3,6,"bottle,microwave,person,bottle,bottle,bottle"
162,1778952062.5,11.57,85.74,61.1,6,"microwave,bottle,chair,bottle,bottle,bottle"
163,1778952062.59,11.54,85.99,58.8,8,"microwave,person,bottle,person,bottle,chair,bottle,bottle"
164,1778952062.67,11.63,85.22,56.2,7,"microwave,bottle,person,chair,bottle,bottle,bottle"
165,1778952062.76,11.56,85.86,63.2,7,"person,bottle,microwave,person,bottle,bottle,bottle"
166,1778952062.84,11.64,85.22,56.3,6,"person,bottle,person,bottle,bottle,bottle"
167,1778952062.93,11.53,86.08,57.6,7,"person,bottle,person,bottle,microwave,bottle,bottle"
168,1778952063.02,11.31,87.73,60.5,7,"person,bottle,person,bottle,bottle,bottle,microwave"
169,1778952063.11,11.49,86.34,57.6,5,"person,bottle,bottle,person,bottle"
170,1778952063.19,11.5,86.24,58.8,6,"person,person,bottle,bottle,refrigerator,bottle"
171,1778952063.28,11.59,85.63,60.0,6,"person,bottle,person,bottle,bottle,bottle"
172,1778952063.37,11.6,85.45,56.3,5,"person,bottle,person,bottle,bottle"
173,1778952063.45,11.57,85.74,61.1,6,"person,bottle,person,bottle,bottle,refrigerator"
174,1778952063.54,11.64,85.15,54.8,5,"person,bottle,person,bottle,bottle"
175,1778952063.63,11.55,85.93,58.8,4,"person,bottle,person,bottle"
176,1778952063.71,11.62,85.32,62.2,4,"person,bottle,person,bottle"
177,1778952063.8,11.69,84.8,56.3,4,"person,bottle,person,bottle"
178,1778952063.88,11.74,84.45,57.6,3,"person,bottle,person"
179,1778952063.97,11.62,85.36,58.8,3,"person,bottle,person"
180,1778952064.06,10.66,93.11,63.9,3,"person,bottle,person"
181,1778952064.15,11.75,84.45,58.8,2,"person,person"
182,1778952064.24,11.64,85.21,57.6,3,"person,person,chair"
183,1778952064.32,11.69,84.88,60.0,3,"person,person,chair"
184,1778952064.41,11.77,84.22,54.8,2,"person,person"
185,1778952064.5,10.93,90.85,58.3,3,"person,chair,person"
186,1778952064.59,11.56,85.76,61.1,2,"person,person"
187,1778952064.67,11.68,84.96,56.3,2,"person,person"
188,1778952064.76,11.6,85.45,61.1,2,"person,person"
189,1778952064.84,11.64,85.2,58.8,2,"person,person"
190,1778952064.93,11.36,87.26,61.1,2,"person,person"
191,1778952065.02,11.12,89.25,57.1,2,"person,person"
192,1778952065.11,11.56,85.76,61.1,2,"person,person"
193,1778952065.19,11.73,84.49,56.7,2,"person,person"
194,1778952065.28,11.66,85.05,62.2,3,"person,person,chair"
195,1778952065.37,11.67,84.99,57.6,2,"person,chair"
196,1778952065.45,11.62,85.38,57.6,2,"person,chair"
197,1778952065.54,11.67,84.98,57.6,2,"person,chair"
198,1778952065.63,11.48,86.32,59.5,2,"person,chair"
199,1778952065.71,11.5,86.2,58.8,2,"person,chair"
200,1778952065.8,11.46,86.49,54.8,2,"person,chair"
201,1778952065.89,11.61,85.4,58.8,1,person
202,1778952065.97,11.7,84.74,63.2,1,person
203,1778952066.06,11.46,86.56,56.3,1,person
204,1778952066.15,11.57,85.64,58.8,1,person
205,1778952066.23,11.62,85.34,60.5,1,person
206,1778952066.32,11.66,85.06,60.0,1,person
207,1778952066.41,11.7,84.76,62.2,1,person
208,1778952066.49,11.61,85.42,58.8,1,person
209,1778952066.58,11.39,87.08,61.1,1,person
210,1778952066.67,11.61,85.38,62.2,1,person
211,1778952066.75,11.63,85.28,56.2,2,"person,chair"
212,1778952066.84,11.52,86.13,61.1,2,"person,chair"
213,1778952066.92,11.73,84.53,58.8,2,"person,chair"
214,1778952067.01,11.47,86.47,56.2,2,"person,chair"
215,1778952067.1,11.6,85.47,60.0,2,"person,chair"
216,1778952067.18,11.78,84.15,58.8,2,"person,chair"
217,1778952067.27,11.54,85.97,61.1,2,"person,chair"
218,1778952067.36,11.82,83.87,54.8,2,"person,chair"
219,1778952067.44,11.71,84.7,60.0,2,"person,chair"
220,1778952067.53,11.62,85.33,58.8,2,"person,chair"
221,1778952067.61,11.63,85.24,60.0,2,"person,chair"
222,1778952067.7,11.47,86.41,54.8,2,"person,chair"
223,1778952067.79,11.49,86.33,60.0,2,"person,chair"
224,1778952067.87,11.63,85.18,60.0,1,person
225,1778952067.96,11.63,85.34,53.3,1,person
226,1778952068.05,11.22,88.31,57.1,2,"person,chair"
227,1778952068.14,11.68,84.9,56.2,2,"person,chair"
228,1778952068.22,11.58,85.64,63.9,2,"person,chair"
229,1778952068.31,11.63,85.3,54.5,2,"person,chair"
230,1778952068.4,11.43,86.7,56.2,2,"person,chair"
231,1778952068.48,11.68,84.95,57.6,2,"person,chair"
232,1778952068.57,11.69,84.8,56.3,2,"person,chair"
233,1778952068.65,11.62,85.33,61.1,2,"person,chair"
234,1778952068.74,11.59,85.56,57.6,2,"person,chair"
235,1778952068.83,11.47,86.48,60.0,2,"person,chair"
236,1778952068.92,11.38,87.08,56.3,2,"person,chair"
237,1778952069.01,10.63,93.36,63.9,1,person
238,1778952069.1,11.45,86.38,61.1,2,"person,chair"
239,1778952069.19,11.49,86.31,56.2,2,"person,chair"
240,1778952069.27,11.48,86.31,57.6,2,"person,bottle"
241,1778952069.36,11.54,85.97,54.5,2,"person,person"
242,1778952069.45,11.69,84.85,63.9,2,"person,bottle"
243,1778952069.53,11.65,85.08,57.6,1,person
244,1778952069.62,11.43,86.75,59.5,3,"person,person,bottle"
245,1778952069.71,11.45,86.58,61.1,3,"person,person,bottle"
246,1778952069.79,11.58,85.6,61.1,3,"person,bottle,person"
247,1778952069.88,11.5,86.24,54.8,3,"person,bottle,person"
248,1778952069.97,11.44,86.69,61.1,3,"person,bottle,person"
249,1778952070.06,10.95,90.61,62.2,3,"person,bottle,person"
250,1778952070.15,11.5,86.2,59.5,3,"person,bottle,person"
251,1778952070.23,11.64,85.2,61.1,4,"person,bottle,person,bottle"
252,1778952070.32,11.56,85.77,57.6,4,"person,bottle,person,bottle"
253,1778952070.41,11.57,85.7,61.1,5,"person,bottle,person,bottle,bottle"
254,1778952070.49,11.52,86.0,61.1,6,"person,bottle,person,bottle,bottle,bottle"
255,1778952070.58,11.61,85.44,57.6,6,"person,bottle,person,refrigerator,bottle,bottle"
256,1778952070.67,11.45,86.57,60.0,7,"person,bottle,person,chair,bottle,refrigerator,bottle"
257,1778952070.75,11.79,84.12,62.2,6,"person,bottle,person,bottle,bottle,microwave"
258,1778952070.84,11.54,85.95,58.8,6,"person,bottle,person,microwave,bottle,bottle"
259,1778952070.93,11.64,85.16,63.2,6,"person,bottle,person,bottle,microwave,bottle"
260,1778952071.01,11.52,86.11,58.8,6,"person,bottle,person,bottle,bottle,microwave"
261,1778952071.1,11.38,87.13,54.8,5,"person,bottle,person,bottle,bottle"
262,1778952071.19,11.44,86.65,59.5,5,"person,bottle,person,bottle,bottle"
263,1778952071.28,11.38,87.15,58.8,6,"person,bottle,person,bottle,bottle,microwave"
264,1778952071.36,11.41,86.85,60.0,6,"person,microwave,bottle,person,bottle,bottle"
265,1778952071.45,11.5,86.25,58.8,6,"person,bottle,microwave,person,bottle,bottle"
266,1778952071.54,11.38,87.11,58.3,8,"person,microwave,bottle,chair,person,bottle,bottle,bottle"
267,1778952071.63,11.35,87.39,60.0,7,"person,microwave,bottle,bottle,person,bottle,bottle"
268,1778952071.72,11.48,86.31,60.0,7,"person,microwave,bottle,person,bottle,bottle,bottle"
269,1778952071.8,11.67,84.95,61.1,9,"person,microwave,bottle,chair,bottle,bottle,bottle,person,bottle"
270,1778952071.89,11.5,86.26,56.3,9,"person,microwave,bottle,chair,bottle,bottle,bottle,person,bottle"
271,1778952071.98,11.45,86.66,54.5,8,"person,microwave,bottle,chair,bottle,bottle,bottle,person"
272,1778952072.06,11.34,87.39,61.1,8,"person,bottle,microwave,chair,bottle,bottle,person,bottle"
273,1778952072.15,11.36,87.29,60.0,8,"person,microwave,bottle,chair,bottle,bottle,bottle,person"
274,1778952072.24,11.4,86.92,60.0,6,"microwave,bottle,chair,bottle,bottle,bottle"
275,1778952072.33,11.49,86.32,57.1,6,"microwave,bottle,chair,bottle,bottle,bottle"
276,1778952072.41,11.74,84.46,61.8,5,"microwave,bottle,chair,bottle,bottle"
277,1778952072.5,11.67,85.01,54.8,6,"bottle,microwave,chair,bottle,bottle,bottle"
278,1778952072.59,11.72,84.63,61.1,4,"bottle,chair,microwave,bottle"
279,1778952072.67,11.63,85.3,57.6,5,"bottle,chair,microwave,bottle,bottle"
280,1778952072.76,11.75,84.38,56.3,6,"bottle,microwave,chair,bottle,bottle,bottle"
281,1778952072.84,11.53,86.03,56.3,6,"bottle,chair,microwave,bottle,bottle,bottle"
282,1778952072.93,11.65,85.15,61.1,6,"bottle,chair,microwave,bottle,bottle,bottle"
283,1778952073.02,11.45,86.64,61.1,5,"bottle,microwave,chair,bottle,bottle"
284,1778952073.1,11.47,86.41,57.1,6,"bottle,chair,microwave,bottle,bottle,bottle"
285,1778952073.19,11.45,86.7,56.2,6,"bottle,microwave,chair,bottle,bottle,bottle"
286,1778952073.28,11.39,87.07,57.6,5,"bottle,microwave,chair,bottle,bottle"
287,1778952073.37,11.34,87.43,57.6,6,"bottle,microwave,chair,bottle,bowl,bottle"
288,1778952073.46,11.6,85.4,56.2,6,"bottle,microwave,chair,bottle,bowl,bottle"
289,1778952073.54,11.69,84.89,60.0,7,"bottle,microwave,chair,bowl,bottle,bottle,bottle"
290,1778952073.63,11.56,85.76,56.3,6,"bottle,chair,microwave,bottle,bottle,bowl"
291,1778952073.71,11.7,84.8,61.1,7,"bottle,microwave,chair,bowl,bottle,bottle,bottle"
292,1778952073.8,11.62,85.31,56.2,6,"bottle,chair,microwave,bowl,bottle,bottle"
293,1778952073.89,11.56,85.84,62.2,6,"bottle,microwave,chair,bottle,bowl,bottle"
294,1778952073.97,11.56,85.79,54.8,7,"bottle,chair,bottle,bottle,microwave,bowl,bottle"
295,1778952074.07,10.49,94.55,63.2,7,"bottle,chair,microwave,bottle,bottle,bottle,bowl"
296,1778952074.16,11.55,85.83,58.8,7,"bottle,chair,microwave,bottle,bottle,bowl,bottle"
297,1778952074.24,11.53,85.98,60.0,7,"bottle,microwave,chair,bottle,bottle,bottle,bowl"
298,1778952074.33,11.37,87.2,57.6,7,"bottle,chair,microwave,bottle,bottle,bottle,bowl"
299,1778952074.42,11.63,85.23,54.8,7,"bottle,microwave,chair,bottle,bottle,bottle,bowl"
300,1778952074.5,11.46,86.52,60.0,7,"bottle,microwave,chair,bowl,bottle,bottle,bottle"
301,1778952074.59,11.46,86.53,58.8,6,"bottle,chair,microwave,bottle,bottle,bottle"
302,1778952074.68,11.4,86.95,58.8,7,"bottle,microwave,chair,bottle,bottle,bottle,bowl"
303,1778952074.77,11.51,86.14,63.2,7,"bottle,chair,microwave,bottle,bottle,bottle,bowl"
304,1778952074.85,11.44,86.66,59.5,7,"bottle,chair,microwave,bottle,bottle,bottle,bowl"
305,1778952074.94,11.51,86.15,58.8,7,"bottle,chair,microwave,bowl,bottle,bottle,bottle"
306,1778952075.03,11.23,88.27,60.6,6,"bottle,microwave,chair,bottle,bottle,bottle"
307,1778952075.12,11.48,86.42,58.8,7,"bottle,microwave,chair,bottle,bowl,bottle,bottle"
308,1778952075.2,11.73,84.48,56.3,6,"bottle,microwave,chair,bottle,bottle,bottle"
309,1778952075.29,11.6,85.49,61.1,6,"bottle,microwave,chair,bottle,bottle,bottle"
310,1778952075.38,11.55,85.78,54.8,6,"bottle,chair,microwave,bottle,bottle,bottle"
311,1778952075.46,11.46,86.52,58.8,6,"bottle,microwave,chair,bottle,bottle,bottle"
312,1778952075.55,11.48,86.32,60.0,7,"bottle,chair,microwave,bottle,bottle,bottle,bowl"
313,1778952075.64,11.39,87.12,62.5,7,"bottle,microwave,chair,bowl,bottle,bottle,bottle"
314,1778952075.73,11.66,84.98,62.2,7,"bottle,microwave,chair,bottle,bottle,bottle,bowl"
315,1778952075.81,11.66,85.08,58.1,6,"bottle,chair,microwave,bottle,bottle,bottle"
316,1778952075.9,11.6,85.4,60.0,7,"bottle,chair,microwave,bottle,bottle,bowl,bottle"
317,1778952075.99,11.54,85.94,54.8,5,"bottle,chair,microwave,bottle,bottle"
318,1778952076.07,11.49,86.29,58.8,5,"bottle,microwave,chair,bottle,bottle"
319,1778952076.16,11.62,85.4,63.2,7,"bottle,chair,microwave,bottle,bottle,bottle,bowl"
320,1778952076.25,11.53,85.93,57.6,6,"microwave,bottle,chair,bottle,bottle,bottle"
321,1778952076.33,11.5,86.26,56.3,6,"bottle,microwave,chair,bottle,bottle,bottle"
322,1778952076.42,11.45,86.59,58.8,6,"bottle,chair,microwave,bottle,bottle,bottle"
323,1778952076.51,11.49,86.31,56.2,6,"bottle,microwave,chair,bottle,bottle,bottle"
324,1778952076.59,11.51,86.09,63.2,7,"bottle,microwave,chair,bottle,bottle,bottle,bowl"
325,1778952076.68,11.46,86.55,58.3,6,"bottle,microwave,chair,bottle,bottle,bottle"
326,1778952076.77,11.44,86.61,58.8,6,"bottle,microwave,chair,bottle,bottle,bottle"
327,1778952076.86,11.53,85.99,57.6,7,"bottle,chair,microwave,bottle,bottle,bottle,bowl"
328,1778952076.94,11.73,84.47,60.6,7,"bottle,microwave,chair,bottle,bottle,bowl,bottle"
329,1778952077.03,11.42,86.88,57.6,7,"bottle,microwave,chair,bottle,bottle,bottle,bowl"
330,1778952077.12,11.56,85.72,56.3,6,"bottle,microwave,chair,bowl,bottle,bottle"
331,1778952077.2,11.58,85.65,60.0,7,"bottle,chair,microwave,bottle,bottle,bottle,bowl"
332,1778952077.29,11.49,86.24,62.5,6,"bottle,microwave,chair,bottle,bottle,bottle"
333,1778952077.38,11.73,84.49,61.8,7,"bottle,microwave,chair,bottle,bottle,bowl,bottle"
334,1778952077.46,11.6,85.49,62.2,7,"bottle,microwave,chair,bottle,bottle,bottle,bowl"
335,1778952077.55,11.62,85.32,57.6,5,"bottle,chair,microwave,bottle,bottle"
336,1778952077.64,11.48,86.32,56.3,8,"bottle,microwave,chair,bottle,bottle,bottle,bowl,bottle"
337,1778952077.72,11.41,86.95,58.8,7,"bottle,microwave,chair,bottle,bottle,bowl,bottle"
338,1778952077.81,11.5,86.2,60.0,7,"bottle,microwave,chair,bottle,bottle,bottle,bottle"
339,1778952077.9,11.36,87.34,55.9,7,"bottle,microwave,chair,bottle,bottle,bottle,bowl"
340,1778952077.99,11.51,86.09,64.1,6,"bottle,chair,microwave,bottle,bottle,bottle"
341,1778952078.08,11.34,87.45,60.0,6,"bottle,microwave,chair,bottle,bottle,bottle"
342,1778952078.16,11.31,87.62,61.1,7,"bottle,chair,microwave,bottle,bottle,bottle,bowl"
343,1778952078.25,11.29,87.84,61.1,7,"bottle,microwave,chair,bottle,bottle,bottle,bowl"
344,1778952078.34,11.69,84.85,59.4,7,"bottle,microwave,chair,bowl,bottle,bottle,bottle"
345,1778952078.42,11.78,84.18,56.2,6,"bottle,microwave,chair,bottle,bottle,bottle"
346,1778952078.51,11.52,86.05,63.2,7,"bottle,microwave,chair,bottle,bottle,bowl,bottle"
347,1778952078.6,11.48,86.4,58.8,5,"bottle,microwave,chair,bottle,bottle"
348,1778952078.69,11.5,86.22,56.2,6,"bottle,microwave,chair,bottle,bottle,bowl"
349,1778952078.77,11.79,84.07,57.6,5,"microwave,bottle,chair,bottle,bottle"
350,1778952078.86,11.68,84.9,57.6,5,"bottle,microwave,chair,bottle,bottle"
351,1778952078.94,11.71,84.68,61.1,7,"bottle,microwave,chair,bottle,bottle,bottle,bottle"
352,1778952079.04,10.41,95.39,60.6,6,"microwave,bottle,chair,bottle,bottle,bottle"
353,1778952079.12,11.56,85.79,51.7,6,"microwave,bottle,chair,bottle,bottle,bottle"
354,1778952079.21,11.38,87.11,58.8,6,"bottle,chair,microwave,bottle,bottle,bottle"
355,1778952079.3,11.44,86.72,58.8,7,"bottle,microwave,chair,bottle,bottle,bowl,bottle"
356,1778952079.39,11.61,85.35,58.8,6,"bottle,microwave,chair,bottle,bottle,bottle"
357,1778952079.47,11.71,84.72,57.6,8,"microwave,bottle,chair,bottle,bottle,bowl,bottle,bottle"
358,1778952079.56,11.68,84.92,60.0,6,"bottle,chair,microwave,bottle,bottle,bottle"
359,1778952079.64,11.58,85.7,57.6,6,"bottle,chair,microwave,bottle,bottle,bottle"
360,1778952079.73,11.6,85.47,58.8,6,"bottle,microwave,chair,bottle,bottle,bottle"
361,1778952079.82,11.46,86.5,62.2,7,"bottle,microwave,chair,bottle,bottle,bottle,bottle"
362,1778952079.91,11.4,86.97,62.2,6,"bottle,chair,microwave,bottle,bottle,bottle"
363,1778952080.0,11.1,89.35,59.5,7,"bottle,microwave,chair,bottle,bowl,bottle,bottle"
364,1778952080.09,11.4,86.91,61.8,7,"bottle,microwave,chair,bottle,bowl,bottle,bottle"
365,1778952080.17,11.43,86.76,56.3,6,"microwave,bottle,chair,bottle,bottle,bottle"
366,1778952080.26,11.5,86.15,58.8,8,"bottle,chair,microwave,bottle,bottle,bowl,bottle,bottle"
367,1778952080.35,11.52,86.05,59.5,7,"bottle,chair,microwave,bottle,bottle,bottle,bowl"
368,1778952080.44,11.38,87.08,62.2,6,"bottle,microwave,chair,bottle,bowl,bottle"
369,1778952080.52,11.43,86.75,62.2,7,"bottle,chair,microwave,bottle,bottle,bowl,bottle"
370,1778952080.61,11.44,86.62,60.0,7,"bottle,chair,microwave,bottle,bottle,bowl,bottle"
371,1778952080.7,11.47,86.44,57.6,6,"bottle,chair,microwave,bottle,bottle,bottle"
372,1778952080.78,11.52,86.04,57.6,6,"bottle,microwave,chair,bottle,bottle,bottle"
373,1778952080.87,11.51,86.11,56.2,6,"bottle,chair,microwave,bottle,bottle,bottle"
374,1778952080.96,11.36,87.24,58.8,6,"microwave,bottle,chair,bottle,bottle,bottle"
375,1778952081.05,11.24,88.27,60.0,7,"bottle,microwave,chair,bottle,bottle,bowl,bottle"
376,1778952081.14,11.41,86.86,57.1,6,"bottle,microwave,chair,bottle,bottle,bottle"
377,1778952081.22,11.49,86.28,56.3,7,"bottle,microwave,chair,bottle,bottle,bottle,bowl"
378,1778952081.31,11.43,86.76,60.0,7,"bottle,chair,microwave,bottle,bottle,bowl,bottle"
379,1778952081.4,11.52,86.06,58.8,7,"bottle,chair,microwave,bottle,bottle,bottle,bowl"
380,1778952081.49,11.38,87.1,63.2,6,"bottle,microwave,chair,bottle,bottle,bottle"
381,1778952081.58,11.45,86.63,62.2,7,"bottle,chair,microwave,bottle,bowl,bottle,bottle"
382,1778952081.66,11.41,86.89,60.0,8,"bottle,chair,microwave,bottle,bottle,bowl,bottle,bottle"
383,1778952081.75,11.38,87.13,63.4,7,"bottle,microwave,chair,bottle,bottle,bottle,bowl"
384,1778952081.84,11.69,84.78,63.9,7,"bottle,microwave,chair,bottle,bottle,bottle,bowl"
385,1778952081.92,11.65,85.15,56.3,7,"bottle,microwave,chair,bottle,bowl,bottle,bottle"
386,1778952082.01,11.7,84.72,58.8,7,"bottle,microwave,chair,bottle,bottle,bowl,bottle"
387,1778952082.09,11.62,85.39,60.0,7,"bottle,microwave,chair,bottle,bottle,bottle,bowl"
388,1778952082.18,11.56,85.77,62.2,7,"bottle,chair,microwave,bottle,bottle,bottle,bowl"
389,1778952082.27,11.4,86.94,58.8,7,"bottle,chair,microwave,bottle,bottle,bottle,bowl"
390,1778952082.36,11.46,86.45,57.6,7,"bottle,microwave,chair,bottle,bottle,bottle,bowl"
391,1778952082.44,11.44,86.66,58.8,6,"bottle,microwave,chair,bottle,bottle,bottle"
392,1778952082.53,11.35,87.33,56.2,6,"bottle,microwave,chair,bottle,bottle,bottle"
393,1778952082.62,11.47,86.48,61.1,7,"microwave,bottle,chair,bottle,bottle,bowl,bottle"
394,1778952082.71,11.45,86.57,56.3,7,"microwave,bottle,chair,bottle,bottle,bowl,bottle"
395,1778952082.8,11.49,86.28,61.5,7,"bottle,chair,microwave,bottle,bottle,bowl,bottle"
396,1778952082.88,11.36,87.17,62.2,7,"microwave,bottle,chair,bottle,bottle,bottle,bowl"
397,1778952082.97,11.41,86.89,62.2,7,"bottle,microwave,chair,bottle,bottle,bottle,bowl"
398,1778952083.06,11.3,87.7,57.6,7,"bottle,chair,microwave,bottle,bowl,bottle,bottle"
399,1778952083.15,11.47,86.46,61.1,7,"bottle,chair,microwave,bottle,bottle,bottle,bowl"
400,1778952083.24,11.39,87.01,63.2,7,"bottle,microwave,chair,bottle,bottle,bottle,bowl"
401,1778952083.32,11.55,85.91,62.2,7,"bottle,microwave,chair,bottle,bottle,bowl,bottle"
402,1778952083.41,11.6,85.47,54.8,7,"bottle,chair,microwave,bottle,bowl,bottle,bottle"
403,1778952083.5,11.56,85.79,54.8,7,"bottle,microwave,chair,bowl,bottle,bottle,bottle"
404,1778952083.58,11.52,86.08,61.1,7,"bottle,microwave,chair,bottle,bowl,bottle,bottle"
405,1778952083.67,11.47,86.41,60.0,7,"bottle,chair,microwave,bottle,bottle,bottle,bowl"
406,1778952083.76,11.43,86.71,60.0,8,"bottle,chair,microwave,bottle,bottle,bottle,bottle,bowl"
407,1778952083.84,11.49,86.26,56.3,7,"bottle,microwave,chair,bottle,bottle,bottle,bowl"
408,1778952083.93,11.57,85.67,57.1,7,"bottle,chair,microwave,bottle,bottle,bowl,bottle"
409,1778952084.03,10.68,92.89,68.4,7,"bottle,microwave,chair,bottle,bottle,bottle,bowl"
410,1778952084.11,11.65,85.05,58.8,7,"bottle,microwave,chair,bottle,bottle,bowl,bottle"
411,1778952084.2,11.56,85.83,62.2,6,"bottle,chair,microwave,bottle,bottle,bottle"
412,1778952084.28,11.66,85.09,56.3,7,"bottle,chair,microwave,bottle,bottle,bowl,bottle"
413,1778952084.37,11.65,85.16,61.1,7,"bottle,chair,microwave,bottle,bottle,bottle,bowl"
414,1778952084.46,11.52,86.1,58.3,5,"bottle,chair,microwave,bottle,bottle"
415,1778952084.55,11.4,87.02,61.1,8,"bottle,chair,bowl,bottle,microwave,bottle,bottle,bottle"
416,1778952084.63,11.32,87.56,60.0,7,"bottle,chair,microwave,bottle,bowl,bottle,bottle"
417,1778952084.72,11.43,86.73,55.9,6,"bottle,chair,microwave,bottle,bottle,bottle"
418,1778952084.81,11.64,85.11,57.6,6,"bottle,microwave,chair,bowl,bottle,bottle"
419,1778952084.89,11.6,85.55,61.1,8,"bottle,microwave,chair,bottle,bottle,bottle,bowl,bottle"
420,1778952084.98,11.52,86.08,57.6,7,"bottle,chair,microwave,bottle,bottle,bowl,bottle"
421,1778952085.07,10.94,90.66,57.6,7,"bottle,chair,microwave,bowl,bottle,bottle,bottle"
422,1778952085.16,11.53,86.04,54.5,7,"bottle,microwave,chair,bowl,bottle,bottle,bottle"
423,1778952085.25,11.33,87.58,58.8,7,"bottle,microwave,chair,bottle,bottle,bottle,bowl"
424,1778952085.33,11.66,85.02,63.2,8,"microwave,bottle,chair,bottle,bottle,bottle,bowl,bottle"
425,1778952085.42,11.48,86.46,56.3,7,"bottle,microwave,chair,bottle,bowl,bottle,bottle"
426,1778952085.51,11.44,86.6,57.1,7,"bottle,microwave,chair,bottle,bottle,bowl,bottle"
427,1778952085.6,11.66,85.11,58.8,7,"bottle,chair,microwave,bottle,bottle,bottle,bowl"
428,1778952085.68,11.61,85.41,62.2,8,"bottle,chair,microwave,bottle,bottle,bottle,bowl,bottle"
429,1778952085.77,11.7,84.77,56.3,6,"bottle,microwave,chair,bottle,bottle,bowl"
430,1778952085.85,11.58,85.63,57.6,6,"bottle,chair,microwave,bottle,bottle,bottle"
431,1778952085.94,11.63,85.32,56.2,8,"bottle,chair,microwave,bottle,bottle,bowl,bottle,bottle"
432,1778952086.03,11.45,86.62,63.2,7,"bottle,microwave,chair,bottle,bottle,bottle,bowl"
433,1778952086.11,11.55,85.92,61.1,7,"bottle,microwave,chair,bottle,bottle,bottle,bowl"
434,1778952086.2,11.31,87.62,62.2,6,"bottle,chair,microwave,bottle,bottle,bottle"
435,1778952086.29,11.54,85.95,61.5,6,"bottle,microwave,chair,bottle,bowl,bottle"
436,1778952086.38,11.62,85.39,56.3,6,"bottle,microwave,chair,bottle,bottle,bottle"
437,1778952086.46,11.63,85.25,58.8,5,"microwave,bottle,chair,bottle,bottle"
438,1778952086.55,11.58,85.65,57.6,6,"bottle,chair,microwave,bottle,bottle,bottle"
439,1778952086.64,11.5,86.29,57.6,6,"bottle,chair,microwave,bottle,bottle,bottle"
440,1778952086.72,11.56,85.74,58.8,7,"bottle,chair,microwave,bottle,bottle,bottle,bowl"
441,1778952086.81,11.43,86.76,60.5,6,"bottle,microwave,chair,bottle,bottle,bottle"
442,1778952086.9,11.32,87.57,58.8,6,"bottle,microwave,chair,bowl,bottle,bottle"
443,1778952086.99,11.43,86.8,62.2,5,"bottle,microwave,chair,bottle,bottle"
444,1778952087.07,11.54,86.01,62.2,5,"bottle,microwave,chair,bottle,bottle"
445,1778952087.16,11.57,85.77,54.5,6,"bottle,chair,microwave,bottle,bottle,bottle"
446,1778952087.25,11.57,85.72,58.8,6,"bottle,microwave,chair,bottle,bottle,bottle"
447,1778952087.33,11.56,85.74,61.1,6,"bottle,chair,microwave,bottle,bottle,bottle"
448,1778952087.42,11.58,85.65,56.2,6,"bottle,microwave,chair,bottle,bottle,bottle"
449,1778952087.51,11.48,86.42,61.1,5,"bottle,microwave,chair,bottle,bottle"
450,1778952087.59,11.66,85.05,58.8,6,"bottle,microwave,chair,bottle,bottle,bottle"
451,1778952087.68,11.59,85.57,58.8,7,"bottle,chair,microwave,bowl,bottle,bottle,bottle"
452,1778952087.77,11.38,87.16,58.3,6,"bottle,microwave,chair,bottle,bottle,bottle"
453,1778952087.86,11.46,86.55,57.6,7,"bottle,microwave,chair,bottle,bottle,bowl,bottle"
454,1778952087.94,11.55,85.85,60.0,5,"bottle,microwave,chair,bottle,bottle"
455,1778952088.03,11.32,87.68,57.1,6,"bottle,microwave,chair,bottle,bottle,bottle"
456,1778952088.12,11.33,87.52,60.0,5,"bottle,microwave,chair,bottle,bottle"
457,1778952088.21,11.34,87.51,58.8,6,"bottle,microwave,chair,bottle,bottle,bottle"
458,1778952088.29,11.71,84.63,58.8,5,"microwave,bottle,chair,bottle,bottle"
459,1778952088.38,11.59,85.6,54.5,6,"microwave,bottle,chair,bottle,bottle,bottle"
460,1778952088.47,11.46,86.49,57.6,7,"bottle,chair,bottle,person,microwave,bottle,bottle"
461,1778952088.55,11.58,85.69,63.2,9,"bottle,person,microwave,chair,bottle,bottle,person,bottle,bottle"
462,1778952088.64,11.42,86.79,56.3,7,"person,microwave,bottle,chair,bottle,bottle,person"
463,1778952088.73,11.45,86.61,57.6,8,"person,microwave,bottle,chair,bottle,bottle,person,bottle"
464,1778952088.82,11.42,86.76,58.3,9,"person,bottle,microwave,person,bottle,bottle,bottle,microwave,bottle"
465,1778952088.91,11.45,86.62,57.6,8,"person,bottle,person,microwave,bottle,bottle,bottle,bottle"
466,1778952089.0,10.88,91.17,58.8,6,"person,bottle,microwave,person,bottle,bottle"
467,1778952089.09,11.23,88.28,64.9,6,"person,bottle,person,bottle,bottle,refrigerator"
468,1778952089.17,11.43,86.8,60.5,5,"person,bottle,person,bottle,bottle"
469,1778952089.26,11.3,87.74,62.2,5,"person,bottle,person,bottle,bottle"
470,1778952089.35,11.41,86.83,61.1,6,"person,bottle,person,bottle,bottle,bottle"
471,1778952089.44,11.4,86.98,61.5,6,"person,bottle,person,bottle,bottle,bottle"
472,1778952089.53,11.35,87.33,62.2,5,"person,bottle,person,bottle,bottle"
473,1778952089.62,11.4,86.97,61.1,5,"person,bottle,person,bottle,bottle"
474,1778952089.7,11.36,87.24,61.5,5,"person,bottle,person,bottle,bottle"
475,1778952089.79,11.41,86.91,62.2,6,"person,bottle,bottle,chair,bottle,person"
476,1778952089.88,11.51,86.13,62.2,5,"person,bottle,person,bottle,bottle"
477,1778952089.97,11.52,86.09,56.3,4,"person,bottle,bottle,person"
478,1778952090.06,10.29,96.44,59.0,6,"person,bottle,person,bottle,microwave,bottle"
479,1778952090.15,11.44,86.56,60.5,4,"person,bottle,person,bottle"
480,1778952090.24,11.43,86.67,61.5,3,"person,bottle,person"
481,1778952090.33,11.5,86.3,57.6,4,"person,bottle,person,chair"
482,1778952090.41,11.34,87.43,57.1,3,"person,bottle,person"
483,1778952090.5,11.33,87.52,57.1,3,"person,chair,person"
484,1778952090.59,11.5,86.14,54.8,2,"person,chair"
485,1778952090.68,11.27,88.07,57.1,3,"person,chair,person"
486,1778952090.77,11.11,89.08,61.5,3,"person,person,chair"
487,1778952090.86,11.2,88.59,59.5,3,"person,person,chair"
488,1778952090.95,11.3,87.63,57.6,2,"person,chair"
489,1778952091.04,10.94,90.65,60.0,3,"person,person,chair"
490,1778952091.13,11.22,88.25,57.1,3,"person,person,chair"
491,1778952091.22,11.37,87.23,61.1,3,"person,person,chair"
492,1778952091.3,11.37,87.21,57.1,3,"person,person,chair"
493,1778952091.39,11.39,87.1,60.0,2,"person,person"
494,1778952091.48,11.36,87.32,57.1,3,"person,person,chair"
495,1778952091.57,11.47,86.52,58.3,3,"person,person,chair"
496,1778952091.66,11.38,87.13,57.6,3,"person,person,chair"
497,1778952091.75,11.32,87.62,57.1,3,"person,person,chair"
498,1778952091.83,11.48,86.35,58.8,2,"person,person"
499,1778952091.92,11.38,87.12,58.3,3,"person,person,chair"
500,1778952092.01,11.22,88.44,57.1,2,"person,chair"
501,1778952092.1,11.13,89.19,54.5,3,"person,person,chair"
502,1778952092.19,11.34,87.42,61.1,3,"person,person,chair"
503,1778952092.28,11.34,87.46,59.5,2,"person,person"
504,1778952092.36,11.45,86.63,56.2,2,"person,person"
505,1778952092.45,11.33,87.56,59.5,2,"person,person"
506,1778952092.54,11.38,87.14,58.3,3,"person,person,chair"
507,1778952092.63,11.43,86.76,57.6,3,"person,person,chair"
508,1778952092.72,11.39,87.09,58.3,3,"person,person,chair"
509,1778952092.8,11.4,87.05,56.2,2,"person,person"
510,1778952092.89,11.33,87.56,58.3,2,"person,person"
511,1778952092.98,11.34,87.46,55.9,4,"person,bottle,person,chair"
512,1778952093.07,11.07,89.6,58.3,4,"person,bottle,person,bottle"
513,1778952093.16,11.37,87.29,54.5,4,"person,bottle,person,bottle"
514,1778952093.25,11.3,87.8,61.1,2,"person,person"
515,1778952093.34,11.41,86.94,57.1,2,"person,person"
516,1778952093.43,11.36,87.31,61.1,3,"person,person,person"
517,1778952093.51,11.35,87.42,55.9,1,person
518,1778952093.6,11.25,88.14,54.5,1,person
519,1778952093.69,11.11,89.14,58.3,2,"person,bottle"
520,1778952093.78,11.08,89.47,57.1,1,person
521,1778952093.87,11.09,89.43,60.5,1,person
522,1778952093.96,11.05,89.67,58.3,1,person
523,1778952094.07,9.92,100.06,61.5,1,person
524,1778952094.16,10.57,93.88,52.8,1,person
525,1778952094.25,11.56,85.8,58.8,1,person
526,1778952094.33,11.62,85.35,63.2,2,"person,suitcase"
527,1778952094.42,11.58,85.67,56.2,2,"person,suitcase"
528,1778952094.51,11.62,85.39,57.1,1,person
529,1778952094.59,11.74,84.55,58.8,1,person
530,1778952094.68,11.56,85.79,53.3,1,person
531,1778952094.77,11.65,85.19,61.1,1,person
532,1778952094.85,11.59,85.57,57.6,1,person
533,1778952094.94,11.69,84.89,60.0,2,"person,tie"
534,1778952095.03,11.15,88.97,58.8,2,"person,tie"
535,1778952095.11,11.58,85.69,62.2,1,person
536,1778952095.2,11.64,85.17,51.7,1,person
537,1778952095.29,11.72,84.62,63.2,1,person
538,1778952095.37,11.68,84.91,54.8,2,"person,suitcase"
539,1778952095.46,11.66,85.05,63.2,2,"person,suitcase"
540,1778952095.54,11.66,85.06,58.8,2,"person,suitcase"
541,1778952095.63,11.67,84.99,60.6,2,"person,suitcase"
542,1778952095.72,11.77,84.26,58.8,2,"person,suitcase"
543,1778952095.8,11.61,85.43,61.1,2,"suitcase,person"
544,1778952095.89,11.78,84.11,57.6,2,"suitcase,person"
545,1778952095.97,11.66,85.07,53.3,2,"person,suitcase"
546,1778952096.06,11.65,85.12,62.2,2,"person,suitcase"
547,1778952096.14,11.69,84.92,53.3,2,"person,suitcase"
548,1778952096.23,11.71,84.68,62.2,2,"person,suitcase"
549,1778952096.32,11.66,85.11,54.8,2,"person,suitcase"
550,1778952096.4,11.74,84.46,57.6,2,"person,suitcase"
551,1778952096.49,11.77,84.28,60.6,2,"person,suitcase"
552,1778952096.57,11.72,84.58,54.8,2,"person,suitcase"
553,1778952096.66,11.65,85.12,63.2,2,"person,suitcase"
554,1778952096.74,11.63,85.27,56.2,2,"person,suitcase"
555,1778952096.83,11.63,85.34,61.1,2,"person,suitcase"
556,1778952096.92,11.57,85.73,54.5,2,"person,suitcase"
557,1778952097.0,11.58,85.69,61.8,3,"person,suitcase,person"
558,1778952097.09,11.79,84.1,61.1,3,"person,suitcase,person"
559,1778952097.17,11.66,85.09,57.6,1,suitcase
560,1778952097.26,11.76,84.34,54.8,1,suitcase
561,1778952097.35,11.78,84.2,62.2,2,"suitcase,person"
562,1778952097.43,11.64,85.19,57.6,2,"person,person"
563,1778952097.52,11.59,85.57,60.0,2,"person,suitcase"
564,1778952097.6,11.63,85.28,54.8,2,"person,suitcase"
565,1778952097.69,11.62,85.34,62.2,2,"person,suitcase"
566,1778952097.78,11.58,85.63,57.6,2,"person,suitcase"
567,1778952097.86,11.68,84.95,57.6,1,person
568,1778952097.95,11.65,85.12,58.8,2,"person,person"
569,1778952098.04,11.54,85.94,57.6,1,person
570,1778952098.12,11.63,85.22,63.2,1,person
571,1778952098.21,11.63,85.36,53.3,1,person
572,1778952098.29,11.62,85.37,63.9,1,person
573,1778952098.38,11.66,85.06,58.8,1,person
574,1778952098.47,11.62,85.34,56.3,1,person
575,1778952098.55,11.65,85.16,61.1,1,person
576,1778952098.64,11.7,84.78,57.6,1,person
577,1778952098.72,11.6,85.52,61.1,1,person
578,1778952098.81,11.73,84.58,60.0,1,person
579,1778952098.9,11.64,85.23,58.8,1,person
580,1778952098.98,11.67,84.96,60.0,1,person
581,1778952099.08,10.71,92.71,61.8,1,person
582,1778952099.16,11.63,85.14,61.1,1,person
583,1778952099.25,11.62,85.4,56.3,1,person
584,1778952099.33,11.69,84.84,57.6,1,person
585,1778952099.42,11.65,85.14,53.3,1,person
586,1778952099.51,11.71,84.69,61.1,1,person
587,1778952099.59,11.9,83.36,56.7,1,person
588,1778952099.68,11.74,84.48,57.6,1,person
589,1778952099.76,11.77,84.33,61.1,1,person
590,1778952099.85,11.77,84.24,60.0,1,person
591,1778952099.93,11.6,85.58,57.6,1,person
592,1778952100.02,11.48,86.39,58.3,1,person
593,1778952100.11,11.58,85.6,60.6,2,"person,bottle"
594,1778952100.19,11.61,85.45,56.2,2,"person,bottle"
595,1778952100.28,11.67,85.02,56.3,2,"person,bottle"
596,1778952100.36,11.62,85.39,57.6,2,"person,bottle"
597,1778952100.45,11.71,84.69,57.6,2,"person,bottle"
598,1778952100.54,11.75,84.43,56.3,2,"person,bottle"
599,1778952100.62,11.78,84.21,62.2,2,"person,bottle"
600,1778952100.71,11.76,84.27,56.2,2,"person,bottle"
601,1778952100.79,11.72,84.64,54.8,2,"person,bottle"
602,1778952100.88,11.88,83.45,58.8,2,"person,bottle"
603,1778952100.96,11.7,84.76,58.8,2,"person,bottle"
604,1778952101.05,11.57,85.74,56.3,2,"person,bottle"
605,1778952101.13,11.76,84.38,57.6,2,"person,bottle"
606,1778952101.22,11.64,85.2,58.8,3,"person,bottle,person"
607,1778952101.3,11.83,83.87,61.1,2,"person,bottle"
608,1778952101.39,11.77,84.29,60.0,2,"person,bottle"
609,1778952101.47,11.79,84.15,54.8,3,"person,bottle,microwave"
610,1778952101.56,11.75,84.39,58.8,3,"person,bottle,microwave"
611,1778952101.65,11.76,84.37,62.9,2,"person,bottle"
612,1778952101.73,11.77,84.22,56.2,2,"person,bottle"
613,1778952101.82,11.69,84.88,58.8,2,"person,bottle"
614,1778952101.9,11.75,84.44,60.0,2,"person,bottle"
615,1778952101.99,11.58,85.69,54.5,2,"person,bottle"
616,1778952102.07,11.76,84.35,61.8,2,"person,bottle"
617,1778952102.16,11.65,85.18,57.6,2,"person,bottle"
618,1778952102.25,11.68,84.92,62.2,2,"person,bottle"
619,1778952102.33,11.75,84.44,60.0,2,"person,bottle"
620,1778952102.42,11.71,84.67,58.8,2,"person,bottle"
621,1778952102.5,11.79,84.13,60.0,2,"person,bottle"
622,1778952102.59,11.73,84.54,58.8,2,"person,bottle"
623,1778952102.67,11.67,85.04,61.1,2,"person,bottle"
624,1778952102.76,11.8,84.03,58.8,2,"person,bottle"
625,1778952102.84,11.73,84.56,57.6,2,"person,bottle"
626,1778952102.93,11.74,84.43,60.0,2,"person,bottle"
627,1778952103.01,11.67,85.02,60.0,2,"person,bottle"
628,1778952103.1,11.71,84.7,57.6,2,"person,bottle"
629,1778952103.19,11.69,84.91,60.0,2,"person,bottle"
630,1778952103.27,11.71,84.67,57.6,2,"person,bottle"
631,1778952103.36,11.71,84.72,61.1,2,"person,bottle"
632,1778952103.44,11.77,84.22,57.6,2,"person,bottle"
633,1778952103.53,11.7,84.8,58.1,2,"person,bottle"
634,1778952103.61,11.77,84.25,62.2,2,"person,bottle"
635,1778952103.7,11.75,84.42,57.6,1,person
636,1778952103.78,11.75,84.42,58.8,1,person
637,1778952103.87,11.75,84.45,62.2,1,person
638,1778952103.95,11.9,83.33,53.3,1,person
639,1778952104.05,10.65,93.23,64.9,1,person
640,1778952104.13,11.71,84.68,62.2,1,person
641,1778952104.22,11.74,84.47,56.3,2,"person,suitcase"
642,1778952104.3,11.72,84.63,56.3,2,"person,suitcase"
643,1778952104.39,11.84,83.77,61.1,1,person
644,1778952104.47,11.8,84.03,58.8,1,person
645,1778952104.56,11.78,84.23,57.6,1,person
646,1778952104.64,11.77,84.28,58.8,1,person
647,1778952104.73,11.68,84.93,62.2,1,person
648,1778952104.82,11.71,84.73,54.8,1,person
649,1778952104.9,11.76,84.37,63.9,1,person
650,1778952104.99,11.77,84.23,57.6,1,person
651,1778952105.07,11.43,86.75,61.1,1,person
652,1778952105.16,11.79,84.13,57.6,1,person
653,1778952105.24,11.75,84.43,57.6,1,person
654,1778952105.33,11.83,83.83,62.2,1,person
655,1778952105.41,11.82,83.94,58.8,1,person
656,1778952105.5,11.63,85.27,57.6,1,person
657,1778952105.59,11.77,84.31,61.1,1,person
658,1778952105.67,11.74,84.5,56.2,1,person
659,1778952105.76,11.72,84.7,56.3,1,person
660,1778952105.84,11.78,84.21,62.9,1,person
661,1778952105.93,11.77,84.33,57.6,1,person
662,1778952106.01,11.64,85.2,58.8,1,person
663,1778952106.1,11.62,85.38,57.6,1,person
664,1778952106.18,11.74,84.43,57.6,1,person
665,1778952106.27,11.66,85.11,57.6,1,person
666,1778952106.36,11.68,84.91,63.2,1,person
667,1778952106.44,11.74,84.48,58.8,1,person
668,1778952106.53,11.71,84.74,56.3,1,person
669,1778952106.61,11.74,84.47,61.1,1,person
670,1778952106.7,11.78,84.16,58.8,1,person
671,1778952106.78,11.63,85.31,54.8,1,person
672,1778952106.87,11.77,84.22,61.1,1,person
673,1778952106.96,11.69,84.83,58.8,1,person
674,1778952107.04,11.48,86.42,60.0,1,person
